Product_name, Pricing, Ratings
APPLE iPhone 11 (White| 64 GB),Rs.46999,4.644,687
APPLE iPhone 11 (Black| 64 GB),Rs.46999,4.644,687
APPLE iPhone 11 (Purple| 64 GB),Rs.46999,4.644,687
Apple iPhone XR (Black| 64 GB) (Includes EarPods| Power Adapter),Rs.39999,4.679,804
APPLE iPhone SE (Black| 64 GB),Rs.29999,4.596,243
Apple iPhone XR (Black| 128 GB) (Includes EarPods| Power Adapter),Rs.41999,4.679,804
APPLE iPhone SE (White| 64 GB),Rs.29999,4.596,243
Apple iPhone XR (White| 128 GB) (Includes EarPods| Power Adapter),Rs.41999,4.679,804
APPLE MacBook Air Core i5 5th Gen - (8 GB/128 GB SSD/Mac OS Sierra) MQD32HN/A,Rs.67990,4.730,158
APPLE MacBook Air M1 - (8 GB/256 GB SSD/Mac OS Big Sur) MGN63HN/A,Rs.92800,4.663
APPLE MacBook Air Core i3 10th Gen - (8 GB/256 GB SSD/Mac OS Catalina) MWTL2HN/A,Rs.79990,4.6343
APPLE MMTN2ZM/A Wired Headset,Rs.1699,4.33,368
Apple AirPods with Charging Case Bluetooth Headset with Mic,Rs.12490,4.540,889
APPLE MHJD3HN/A 20 W 4 A Mobile Charger,Rs.1736,4.61,935
APPLE iPhone 11 (Black| 128 GB),Rs.54999,4.644,687
APPLE iPhone 11 (Red| 64 GB),Rs.46999,4.644,687
APPLE iPhone 12 (White| 128 GB),Rs.78900,4.62,167
APPLE iPhone 12 (White| 64 GB),Rs.73900,4.62,167
Apple iPhone XR ((PRODUCT)RED| 128 GB) (Includes EarPods| Power Adapter),Rs.41999,4.679,804
APPLE iPhone 11 (Green| 64 GB),Rs.46999,4.644,687
APPLE iPhone 11 Pro (Midnight Green| 64 GB),Rs.74999,4.67,106
APPLE iPhone SE (White| 128 GB),Rs.34999,4.596,243
APPLE MacBook Air M1 - (8 GB/512 GB SSD/Mac OS Big Sur) MGN73HN/A,Rs.117800,530
APPLE MacBook Pro M1 - (8 GB/256 GB SSD/Mac OS Big Sur) MYD82HN/A,Rs.122900,4.637
APPLE MacBook Pro M1 - (8 GB/512 GB SSD/Mac OS Big Sur) MYDC2HN/A,Rs.142900,4.628
APPLE Airpods Pro With Wireless Charging Case Active noise cancellation enabled Bluetooth Headset,Rs.23852,4.513,602
Apple AirPods with Wireless Charging Case Bluetooth Headset with Mic,Rs.13990,4.540,889
APPLE iPad (8th Gen) 32 GB ROM 10.2 inch with Wi-Fi Only (Space Grey),Rs.29302,4.71,756
APPLE iPhone 12 Mini (Black| 64 GB),Rs.63900,4.5781
APPLE iPhone 12 Mini (Black| 128 GB),Rs.68900,4.5781
APPLE iPhone 12 Mini (Blue| 128 GB),Rs.68900,4.5781
APPLE iPhone 12 Mini (Red| 64 GB),Rs.63900,4.5781
APPLE iPhone SE (Red| 128 GB),Rs.34999,4.596,243
APPLE iPhone 12 Mini (White| 64 GB),Rs.63900,4.5781
Apple iPhone SE (Black| 256 GB) (Includes EarPods| Power Adapter),Rs.44999,4.596,243
APPLE MacBook Air Core i5 10th Gen - (8 GB/512 GB SSD/Mac OS Catalina) MVH52HN/A,Rs.109990,4.4280
APPLE MacBook Pro Core i5 8th Gen - (8 GB/512 GB SSD/Mac OS Mojave) MV972HN/A,Rs.169990,4.486
APPLE MacBook Air Core i5 10th Gen - (8 GB/256 GB SSD/Mac OS Catalina) Z0YJ001KD,Rs.96900,4.4280
ANT AUDIO Wave Sports 535 Bluetooth Headset,Rs.999,3.8260
Hyattcreation TWS Wireless Bluetooth Earphone Bluetooth without Mic Headset,Rs.569,3.7405
